,symboling,normalized-losses,make,aspiration,num-of-doors,body-style,drive-wheels,engine-location,wheel-base,length,width,height,curb-weight,engine-type,num-of-cylinders,engine-size,fuel-system,bore,stroke,compression-ratio,horsepower,peak-rpm,city-mpg,highway-L/100km,price,horsepower-binned,fuel-type-diesel,fuel-type-gas
0,3,122,alfa-romero,std,two,convertible,rwd,front,88.6,168.8,64.1,0.8160535117056856,2548,dohc,four,130,mpfi,3.47,2.68,9.0,111,5000.0,21,8.703703703703704,13495.0,Low,False,True
1,3,122,alfa-romero,std,two,convertible,rwd,front,88.6,168.8,64.1,0.8160535117056856,2548,dohc,four,130,mpfi,3.47,2.68,9.0,111,5000.0,21,8.703703703703704,16500.0,Low,False,True
2,1,122,alfa-romero,std,two,hatchback,rwd,front,94.5,171.2,65.5,0.8762541806020067,2823,ohcv,six,152,mpfi,2.68,3.47,9.0,154,5000.0,19,9.038461538461538,16500.0,Medium,False,True
3,2,164,audi,std,four,sedan,fwd,front,99.8,176.6,66.2,0.9080267558528428,2337,ohc,four,109,mpfi,3.19,3.4,10.0,102,5500.0,24,7.833333333333333,13950.0,Low,False,True
4,2,164,audi,std,four,sedan,4wd,front,99.4,176.6,66.4,0.9080267558528428,2824,ohc,five,136,mpfi,3.19,3.4,8.0,115,5500.0,18,10.681818181818182,17450.0,Low,False,True
5,2,122,audi,std,two,sedan,fwd,front,99.8,177.3,66.3,0.8879598662207359,2507,ohc,five,136,mpfi,3.19,3.4,8.5,110,5500.0,19,9.4,15250.0,Low,False,True
6,1,158,audi,std,four,sedan,fwd,front,105.8,192.7,71.4,0.931438127090301,2844,ohc,five,136,mpfi,3.19,3.4,8.5,110,5500.0,19,9.4,17710.0,Low,False,True
7,1,122,audi,std,four,wagon,fwd,front,105.8,192.7,71.4,0.931438127090301,2954,ohc,five,136,mpfi,3.19,3.4,8.5,110,5500.0,19,9.4,18920.0,Low,False,True
8,1,158,audi,turbo,four,sedan,fwd,front,105.8,192.7,71.4,0.9347826086956522,3086,ohc,five,131,mpfi,3.13,3.4,8.3,140,5500.0,17,11.75,23875.0,Medium,False,True
9,2,192,bmw,std,two,sedan,rwd,front,101.2,176.8,64.8,0.9080267558528428,2395,ohc,four,108,mpfi,3.5,2.8,8.8,101,5800.0,23,8.10344827586207,16430.0,Low,False,True
10,0,192,bmw,std,four,sedan,rwd,front,101.2,176.8,64.8,0.9080267558528428,2395,ohc,four,108,mpfi,3.5,2.8,8.8,101,5800.0,23,8.10344827586207,16925.0,Low,False,True
11,0,188,bmw,std,two,sedan,rwd,front,101.2,176.8,64.8,0.9080267558528428,2710,ohc,six,164,mpfi,3.31,3.19,9.0,121,4250.0,21,8.392857142857142,20970.0,Medium,False,True
12,0,188,bmw,std,four,sedan,rwd,front,101.2,176.8,64.8,0.9080267558528428,2765,ohc,six,164,mpfi,3.31,3.19,9.0,121,4250.0,21,8.392857142857142,21105.0,Medium,False,True
13,1,122,bmw,std,four,sedan,rwd,front,103.5,189.0,66.9,0.931438127090301,3055,ohc,six,164,mpfi,3.31,3.19,9.0,121,4250.0,20,9.4,24565.0,Medium,False,True
14,0,122,bmw,std,four,sedan,rwd,front,103.5,189.0,66.9,0.931438127090301,3230,ohc,six,209,mpfi,3.62,3.39,8.0,182,5400.0,16,10.681818181818182,30760.0,Medium,False,True
15,0,122,bmw,std,two,sedan,rwd,front,103.5,193.8,67.9,0.8979933110367894,3380,ohc,six,209,mpfi,3.62,3.39,8.0,182,5400.0,16,10.681818181818182,41315.0,Medium,False,True
16,0,122,bmw,std,four,sedan,rwd,front,110.0,197.0,70.9,0.9414715719063546,3505,ohc,six,209,mpfi,3.62,3.39,8.0,182,5400.0,15,11.75,36880.0,Medium,False,True
17,2,121,chevrolet,std,two,hatchback,fwd,front,88.4,141.1,60.3,0.8896321070234114,1488,l,three,61,2bbl,2.91,3.03,9.5,48,5100.0,47,4.433962264150943,5151.0,Low,False,True
18,1,98,chevrolet,std,two,hatchback,fwd,front,94.5,155.9,63.6,0.8695652173913044,1874,ohc,four,90,2bbl,3.03,3.11,9.6,70,5400.0,38,5.465116279069767,6295.0,Low,False,True
19,0,81,chevrolet,std,four,sedan,fwd,front,94.5,158.8,63.6,0.8695652173913044,1909,ohc,four,90,2bbl,3.03,3.11,9.6,70,5400.0,38,5.465116279069767,6575.0,Low,False,True
20,1,118,dodge,std,two,hatchback,fwd,front,93.7,157.3,63.8,0.8494983277591973,1876,ohc,four,90,2bbl,2.97,3.23,9.41,68,5500.0,37,5.7317073170731705,5572.0,Low,False,True
21,1,118,dodge,std,two,hatchback,fwd,front,93.7,157.3,63.8,0.8494983277591973,1876,ohc,four,90,2bbl,2.97,3.23,9.4,68,5500.0,31,6.184210526315789,6377.0,Low,False,True
22,1,118,dodge,turbo,two,hatchback,fwd,front,93.7,157.3,63.8,0.8494983277591973,2128,ohc,four,98,mpfi,3.03,3.39,7.6,102,5500.0,24,7.833333333333333,7957.0,Low,False,True
23,1,148,dodge,std,four,hatchback,fwd,front,93.7,157.3,63.8,0.8461538461538463,1967,ohc,four,90,2bbl,2.97,3.23,9.4,68,5500.0,31,6.184210526315789,6229.0,Low,False,True
24,1,148,dodge,std,four,sedan,fwd,front,93.7,157.3,63.8,0.8461538461538463,1989,ohc,four,90,2bbl,2.97,3.23,9.4,68,5500.0,31,6.184210526315789,6692.0,Low,False,True
25,1,148,dodge,std,four,sedan,fwd,front,93.7,157.3,63.8,0.8461538461538463,1989,ohc,four,90,2bbl,2.97,3.23,9.4,68,5500.0,31,6.184210526315789,7609.0,Low,False,True
26,1,148,dodge,turbo,four,sedan,fwd,front,93.7,157.3,63.8,0.8461538461538463,2191,ohc,four,98,mpfi,3.03,3.39,7.6,102,5500.0,24,7.833333333333333,8558.0,Low,False,True
27,-1,110,dodge,std,four,wagon,fwd,front,103.3,174.6,64.6,1.0,2535,ohc,four,122,2bbl,3.34,3.46,8.5,88,5000.0,24,7.833333333333333,8921.0,Low,False,True
28,3,145,dodge,turbo,two,hatchback,fwd,front,95.9,173.2,66.3,0.8394648829431439,2811,ohc,four,156,mfi,3.6,3.9,7.0,145,5000.0,19,9.791666666666666,12964.0,Medium,False,True
29,2,137,honda,std,two,hatchback,fwd,front,86.6,144.6,63.9,0.8494983277591973,1713,ohc,four,92,1bbl,2.91,3.41,9.6,58,4800.0,49,4.351851851851852,6479.0,Low,False,True
30,2,137,honda,std,two,hatchback,fwd,front,86.6,144.6,63.9,0.8494983277591973,1819,ohc,four,92,1bbl,2.91,3.41,9.2,76,6000.0,31,6.184210526315789,6855.0,Low,False,True
31,1,101,honda,std,two,hatchback,fwd,front,93.7,150.0,64.0,0.8795986622073579,1837,ohc,four,79,1bbl,2.91,3.07,10.1,60,5500.0,38,5.595238095238095,5399.0,Low,False,True
32,1,101,honda,std,two,hatchback,fwd,front,93.7,150.0,64.0,0.8795986622073579,1940,ohc,four,92,1bbl,2.91,3.41,9.2,76,6000.0,30,6.911764705882353,6529.0,Low,False,True
33,1,101,honda,std,two,hatchback,fwd,front,93.7,150.0,64.0,0.8795986622073579,1956,ohc,four,92,1bbl,2.91,3.41,9.2,76,6000.0,30,6.911764705882353,7129.0,Low,False,True
34,0,110,honda,std,four,sedan,fwd,front,96.5,163.4,64.0,0.911371237458194,2010,ohc,four,92,1bbl,2.91,3.41,9.2,76,6000.0,30,6.911764705882353,7295.0,Low,False,True
35,0,78,honda,std,four,wagon,fwd,front,96.5,157.1,63.9,0.9749163879598662,2024,ohc,four,92,1bbl,2.92,3.41,9.2,76,6000.0,30,6.911764705882353,7295.0,Low,False,True
36,0,106,honda,std,two,hatchback,fwd,front,96.5,167.5,65.2,0.8913043478260869,2236,ohc,four,110,1bbl,3.15,3.58,9.0,86,5800.0,27,7.121212121212121,7895.0,Low,False,True
37,0,106,honda,std,two,hatchback,fwd,front,96.5,167.5,65.2,0.8913043478260869,2289,ohc,four,110,1bbl,3.15,3.58,9.0,86,5800.0,27,7.121212121212121,9095.0,Low,False,True
38,0,85,honda,std,four,sedan,fwd,front,96.5,175.4,65.2,0.9046822742474917,2304,ohc,four,110,1bbl,3.15,3.58,9.0,86,5800.0,27,7.121212121212121,8845.0,Low,False,True
39,0,85,honda,std,four,sedan,fwd,front,96.5,175.4,62.5,0.9046822742474917,2372,ohc,four,110,1bbl,3.15,3.58,9.0,86,5800.0,27,7.121212121212121,10295.0,Low,False,True
40,0,85,honda,std,four,sedan,fwd,front,96.5,175.4,65.2,0.9046822742474917,2465,ohc,four,110,mpfi,3.15,3.58,9.0,101,5800.0,24,8.392857142857142,12945.0,Low,False,True
41,1,107,honda,std,two,sedan,fwd,front,96.5,169.1,66.0,0.8528428093645485,2293,ohc,four,110,2bbl,3.15,3.58,9.1,100,5500.0,25,7.580645161290323,10345.0,Low,False,True
42,0,122,isuzu,std,four,sedan,rwd,front,94.3,170.7,61.8,0.8946488294314382,2337,ohc,four,111,2bbl,3.31,3.23,8.5,78,4800.0,24,8.10344827586207,6785.0,Low,False,True
43,2,122,isuzu,std,two,hatchback,rwd,front,96.0,172.6,65.2,0.8595317725752508,2734,ohc,four,119,spfi,3.43,3.23,9.2,90,5000.0,24,8.10344827586207,11048.0,Low,False,True
44,0,145,jaguar,std,four,sedan,rwd,front,113.0,199.6,69.6,0.882943143812709,4066,dohc,six,258,mpfi,3.63,4.17,8.1,176,4750.0,15,12.368421052631579,32250.0,Medium,False,True
45,0,122,jaguar,std,four,sedan,rwd,front,113.0,199.6,69.6,0.882943143812709,4066,dohc,six,258,mpfi,3.63,4.17,8.1,176,4750.0,15,12.368421052631579,35550.0,Medium,False,True
46,0,122,jaguar,std,two,sedan,rwd,front,102.0,191.7,70.6,0.7993311036789298,3950,ohcv,twelve,326,mpfi,3.54,2.76,11.5,262,5000.0,13,13.823529411764707,36000.0,High,False,True
47,1,104,mazda,std,two,hatchback,fwd,front,93.1,159.1,64.2,0.9046822742474917,1890,ohc,four,91,2bbl,3.03,3.15,9.0,68,5000.0,30,7.580645161290323,5195.0,Low,False,True
48,1,104,mazda,std,two,hatchback,fwd,front,93.1,159.1,64.2,0.9046822742474917,1900,ohc,four,91,2bbl,3.03,3.15,9.0,68,5000.0,31,6.184210526315789,6095.0,Low,False,True
49,1,104,mazda,std,two,hatchback,fwd,front,93.1,159.1,64.2,0.9046822742474917,1905,ohc,four,91,2bbl,3.03,3.15,9.0,68,5000.0,31,6.184210526315789,6795.0,Low,False,True
50,1,113,mazda,std,four,sedan,fwd,front,93.1,166.8,64.2,0.9046822742474917,1945,ohc,four,91,2bbl,3.03,3.15,9.0,68,5000.0,31,6.184210526315789,6695.0,Low,False,True
51,1,113,mazda,std,four,sedan,fwd,front,93.1,166.8,64.2,0.9046822742474917,1950,ohc,four,91,2bbl,3.08,3.15,9.0,68,5000.0,31,6.184210526315789,7395.0,Low,False,True
52,3,150,mazda,std,two,hatchback,rwd,front,95.3,169.0,65.7,0.8294314381270904,2380,rotor,two,70,4bbl,3.3297512437810943,,9.4,101,6000.0,17,10.217391304347826,10945.0,Low,False,True
53,3,150,mazda,std,two,hatchback,rwd,front,95.3,169.0,65.7,0.8294314381270904,2380,rotor,two,70,4bbl,3.3297512437810943,,9.4,101,6000.0,17,10.217391304347826,11845.0,Low,False,True
54,3,150,mazda,std,two,hatchback,rwd,front,95.3,169.0,65.7,0.8294314381270904,2385,rotor,two,70,4bbl,3.3297512437810943,,9.4,101,6000.0,17,10.217391304347826,13645.0,Low,False,True
55,3,150,mazda,std,two,hatchback,rwd,front,95.3,169.0,65.7,0.8294314381270904,2500,rotor,two,80,mpfi,3.3297512437810943,,9.4,135,6000.0,16,10.217391304347826,15645.0,Medium,False,True
56,1,129,mazda,std,two,hatchback,fwd,front,98.8,177.8,66.5,0.8979933110367894,2385,ohc,four,122,2bbl,3.39,3.39,8.6,84,4800.0,26,7.34375,8845.0,Low,False,True
57,0,115,mazda,std,four,sedan,fwd,front,98.8,177.8,66.5,0.9280936454849499,2410,ohc,four,122,2bbl,3.39,3.39,8.6,84,4800.0,26,7.34375,8495.0,Low,False,True
58,1,129,mazda,std,two,hatchback,fwd,front,98.8,177.8,66.5,0.8979933110367894,2385,ohc,four,122,2bbl,3.39,3.39,8.6,84,4800.0,26,7.34375,10595.0,Low,False,True
59,0,115,mazda,std,four,sedan,fwd,front,98.8,177.8,66.5,0.9280936454849499,2410,ohc,four,122,2bbl,3.39,3.39,8.6,84,4800.0,26,7.34375,10245.0,Low,False,True
60,0,122,mazda,std,four,sedan,fwd,front,98.8,177.8,66.5,0.9280936454849499,2443,ohc,four,122,idi,3.39,3.39,22.7,64,4650.0,36,5.595238095238095,10795.0,Low,True,False
61,0,115,mazda,std,four,hatchback,fwd,front,98.8,177.8,66.5,0.9280936454849499,2425,ohc,four,122,2bbl,3.39,3.39,8.6,84,4800.0,26,7.34375,11245.0,Low,False,True
62,0,118,mazda,std,four,sedan,rwd,front,104.9,175.0,66.1,0.9096989966555185,2670,ohc,four,140,mpfi,3.76,3.16,8.0,120,5000.0,19,8.703703703703704,18280.0,Medium,False,True
63,0,122,mazda,std,four,sedan,rwd,front,104.9,175.0,66.1,0.9096989966555185,2700,ohc,four,134,idi,3.43,3.64,22.0,72,4200.0,31,6.0256410256410255,18344.0,Low,True,False
64,-1,93,mercedes-benz,turbo,four,sedan,rwd,front,110.0,190.9,70.3,0.9448160535117057,3515,ohc,five,183,idi,3.58,3.64,21.5,123,4350.0,22,9.4,25552.0,Medium,True,False
65,-1,93,mercedes-benz,turbo,four,wagon,rwd,front,110.0,190.9,70.3,0.9816053511705687,3750,ohc,five,183,idi,3.58,3.64,21.5,123,4350.0,22,9.4,28248.0,Medium,True,False
66,0,93,mercedes-benz,turbo,two,hardtop,rwd,front,106.7,187.5,70.3,0.9180602006688964,3495,ohc,five,183,idi,3.58,3.64,21.5,123,4350.0,22,9.4,28176.0,Medium,True,False
67,-1,93,mercedes-benz,turbo,four,sedan,rwd,front,115.6,202.6,71.7,0.9414715719063546,3770,ohc,five,183,idi,3.58,3.64,21.5,123,4350.0,22,9.4,31600.0,Medium,True,False
68,-1,122,mercedes-benz,std,four,sedan,rwd,front,115.6,202.6,71.7,0.9448160535117057,3740,ohcv,eight,234,mpfi,3.46,3.1,8.3,155,4750.0,16,13.055555555555555,34184.0,Medium,False,True
69,3,142,mercedes-benz,std,two,convertible,rwd,front,96.6,180.3,70.5,0.8494983277591973,3685,ohcv,eight,234,mpfi,3.46,3.1,8.3,155,4750.0,16,13.055555555555555,35056.0,Medium,False,True
70,0,122,mercedes-benz,std,four,sedan,rwd,front,120.9,208.1,71.7,0.948160535117057,3900,ohcv,eight,308,mpfi,3.8,3.35,8.0,184,4500.0,14,14.6875,40960.0,Medium,False,True
71,1,122,mercedes-benz,std,two,hardtop,rwd,front,112.0,199.2,72.0,0.9264214046822743,3715,ohcv,eight,304,mpfi,3.8,3.35,8.0,184,4500.0,14,14.6875,45400.0,Medium,False,True
72,1,122,mercury,turbo,two,hatchback,rwd,front,102.7,178.4,68.0,0.9163879598662207,2910,ohc,four,140,mpfi,3.78,3.12,8.0,175,5000.0,19,9.791666666666666,16503.0,Medium,False,True
73,2,161,mitsubishi,std,two,hatchback,fwd,front,93.7,157.3,64.4,0.8494983277591973,1918,ohc,four,92,2bbl,2.97,3.23,9.4,68,5500.0,37,5.7317073170731705,5389.0,Low,False,True
74,2,161,mitsubishi,std,two,hatchback,fwd,front,93.7,157.3,64.4,0.8494983277591973,1944,ohc,four,92,2bbl,2.97,3.23,9.4,68,5500.0,31,6.184210526315789,6189.0,Low,False,True
75,2,161,mitsubishi,std,two,hatchback,fwd,front,93.7,157.3,64.4,0.8494983277591973,2004,ohc,four,92,2bbl,2.97,3.23,9.4,68,5500.0,31,6.184210526315789,6669.0,Low,False,True
76,1,161,mitsubishi,turbo,two,hatchback,fwd,front,93.0,157.3,63.8,0.8494983277591973,2145,ohc,four,98,spdi,3.03,3.39,7.6,102,5500.0,24,7.833333333333333,7689.0,Low,False,True
77,3,153,mitsubishi,turbo,two,hatchback,fwd,front,96.3,173.0,65.4,0.8260869565217391,2370,ohc,four,110,spdi,3.17,3.46,7.5,116,5500.0,23,7.833333333333333,9959.0,Low,False,True
78,3,153,mitsubishi,std,two,hatchback,fwd,front,96.3,173.0,65.4,0.8260869565217391,2328,ohc,four,122,2bbl,3.35,3.46,8.5,88,5000.0,25,7.34375,8499.0,Low,False,True
79,3,122,mitsubishi,turbo,two,hatchback,fwd,front,95.9,173.2,66.3,0.8394648829431439,2833,ohc,four,156,spdi,3.58,3.86,7.0,145,5000.0,19,9.791666666666666,12629.0,Medium,False,True
80,3,122,mitsubishi,turbo,two,hatchback,fwd,front,95.9,173.2,66.3,0.8394648829431439,2921,ohc,four,156,spdi,3.59,3.86,7.0,145,5000.0,19,9.791666666666666,14869.0,Medium,False,True
81,3,122,mitsubishi,turbo,two,hatchback,fwd,front,95.9,173.2,66.3,0.8394648829431439,2926,ohc,four,156,spdi,3.59,3.86,7.0,145,5000.0,19,9.791666666666666,14489.0,Medium,False,True
82,1,125,mitsubishi,std,four,sedan,fwd,front,96.3,172.4,65.4,0.8628762541806021,2365,ohc,four,122,2bbl,3.35,3.46,8.5,88,5000.0,25,7.34375,6989.0,Low,False,True
83,1,125,mitsubishi,std,four,sedan,fwd,front,96.3,172.4,65.4,0.8628762541806021,2405,ohc,four,122,2bbl,3.35,3.46,8.5,88,5000.0,25,7.34375,8189.0,Low,False,True
84,1,125,mitsubishi,turbo,four,sedan,fwd,front,96.3,172.4,65.4,0.8628762541806021,2403,ohc,four,110,spdi,3.17,3.46,7.5,116,5500.0,23,7.833333333333333,9279.0,Low,False,True
85,-1,137,mitsubishi,std,four,sedan,fwd,front,96.3,172.4,65.4,0.8628762541806021,2403,ohc,four,110,spdi,3.17,3.46,7.5,116,5500.0,23,7.833333333333333,9279.0,Low,False,True
86,1,128,nissan,std,two,sedan,fwd,front,94.5,165.3,63.8,0.911371237458194,1889,ohc,four,97,2bbl,3.15,3.29,9.4,69,5200.0,31,6.351351351351352,5499.0,Low,False,True
87,1,128,nissan,std,two,sedan,fwd,front,94.5,165.3,63.8,0.911371237458194,2017,ohc,four,103,idi,2.99,3.47,21.9,55,4800.0,45,4.7,7099.0,Low,True,False
88,1,128,nissan,std,two,sedan,fwd,front,94.5,165.3,63.8,0.911371237458194,1918,ohc,four,97,2bbl,3.15,3.29,9.4,69,5200.0,31,6.351351351351352,6649.0,Low,False,True
89,1,122,nissan,std,four,sedan,fwd,front,94.5,165.3,63.8,0.911371237458194,1938,ohc,four,97,2bbl,3.15,3.29,9.4,69,5200.0,31,6.351351351351352,6849.0,Low,False,True
90,1,103,nissan,std,four,wagon,fwd,front,94.5,170.2,63.8,0.8946488294314382,2024,ohc,four,97,2bbl,3.15,3.29,9.4,69,5200.0,31,6.351351351351352,7349.0,Low,False,True
91,1,128,nissan,std,two,sedan,fwd,front,94.5,165.3,63.8,0.911371237458194,1951,ohc,four,97,2bbl,3.15,3.29,9.4,69,5200.0,31,6.351351351351352,7299.0,Low,False,True
92,1,128,nissan,std,two,hatchback,fwd,front,94.5,165.6,63.8,0.8913043478260869,2028,ohc,four,97,2bbl,3.15,3.29,9.4,69,5200.0,31,6.351351351351352,7799.0,Low,False,True
93,1,122,nissan,std,four,sedan,fwd,front,94.5,165.3,63.8,0.911371237458194,1971,ohc,four,97,2bbl,3.15,3.29,9.4,69,5200.0,31,6.351351351351352,7499.0,Low,False,True
94,1,103,nissan,std,four,wagon,fwd,front,94.5,170.2,63.8,0.8946488294314382,2037,ohc,four,97,2bbl,3.15,3.29,9.4,69,5200.0,31,6.351351351351352,7999.0,Low,False,True
95,2,168,nissan,std,two,hardtop,fwd,front,95.1,162.4,63.8,0.8913043478260869,2008,ohc,four,97,2bbl,3.15,3.29,9.4,69,5200.0,31,6.351351351351352,8249.0,Low,False,True
96,0,106,nissan,std,four,hatchback,fwd,front,97.2,173.4,65.2,0.9147157190635452,2324,ohc,four,120,2bbl,3.33,3.47,8.5,97,5200.0,27,6.911764705882353,8949.0,Low,False,True
97,0,106,nissan,std,four,sedan,fwd,front,97.2,173.4,65.2,0.9147157190635452,2302,ohc,four,120,2bbl,3.33,3.47,8.5,97,5200.0,27,6.911764705882353,9549.0,Low,False,True
98,0,128,nissan,std,four,sedan,fwd,front,100.4,181.7,66.5,0.9214046822742475,3095,ohcv,six,181,mpfi,3.43,3.27,9.0,152,5200.0,17,10.681818181818182,13499.0,Medium,False,True
99,0,108,nissan,std,four,wagon,fwd,front,100.4,184.6,66.5,0.9381270903010034,3296,ohcv,six,181,mpfi,3.43,3.27,9.0,152,5200.0,17,10.681818181818182,14399.0,Medium,False,True
100,0,108,nissan,std,four,sedan,fwd,front,100.4,184.6,66.5,0.9214046822742475,3060,ohcv,six,181,mpfi,3.43,3.27,9.0,152,5200.0,19,9.4,13499.0,Medium,False,True
101,3,194,nissan,std,two,hatchback,rwd,front,91.3,170.7,67.9,0.831103678929766,3071,ohcv,six,181,mpfi,3.43,3.27,9.0,160,5200.0,19,9.4,17199.0,Medium,False,True
102,3,194,nissan,turbo,two,hatchback,rwd,front,91.3,170.7,67.9,0.831103678929766,3139,ohcv,six,181,mpfi,3.43,3.27,7.8,200,5200.0,17,10.217391304347826,19699.0,High,False,True
103,1,231,nissan,std,two,hatchback,rwd,front,99.2,178.5,67.9,0.831103678929766,3139,ohcv,six,181,mpfi,3.43,3.27,9.0,160,5200.0,19,9.4,18399.0,Medium,False,True
104,0,161,peugot,std,four,sedan,rwd,front,107.9,186.7,68.4,0.948160535117057,3020,l,four,120,mpfi,3.46,3.19,8.4,97,5000.0,19,9.791666666666666,11900.0,Low,False,True
105,0,161,peugot,turbo,four,sedan,rwd,front,107.9,186.7,68.4,0.948160535117057,3197,l,four,152,idi,3.7,3.52,21.0,95,4150.0,28,7.121212121212121,13200.0,Low,True,False
106,0,122,peugot,std,four,wagon,rwd,front,114.2,198.9,68.4,0.9816053511705687,3230,l,four,120,mpfi,3.46,3.19,8.4,97,5000.0,19,9.791666666666666,12440.0,Low,False,True
107,0,122,peugot,turbo,four,wagon,rwd,front,114.2,198.9,68.4,0.9816053511705687,3430,l,four,152,idi,3.7,3.52,21.0,95,4150.0,25,9.4,13860.0,Low,True,False
108,0,161,peugot,std,four,sedan,rwd,front,107.9,186.7,68.4,0.948160535117057,3075,l,four,120,mpfi,3.46,2.19,8.4,95,5000.0,19,9.791666666666666,15580.0,Low,False,True
109,0,161,peugot,turbo,four,sedan,rwd,front,107.9,186.7,68.4,0.948160535117057,3252,l,four,152,idi,3.7,3.52,21.0,95,4150.0,28,7.121212121212121,16900.0,Low,True,False
110,0,122,peugot,std,four,wagon,rwd,front,114.2,198.9,68.4,0.948160535117057,3285,l,four,120,mpfi,3.46,2.19,8.4,95,5000.0,19,9.791666666666666,16695.0,Low,False,True
111,0,122,peugot,turbo,four,wagon,rwd,front,114.2,198.9,68.4,0.9816053511705687,3485,l,four,152,idi,3.7,3.52,21.0,95,4150.0,25,9.4,17075.0,Low,True,False
112,0,161,peugot,std,four,sedan,rwd,front,107.9,186.7,68.4,0.948160535117057,3075,l,four,120,mpfi,3.46,3.19,8.4,97,5000.0,19,9.791666666666666,16630.0,Low,False,True
113,0,161,peugot,turbo,four,sedan,rwd,front,107.9,186.7,68.4,0.948160535117057,3252,l,four,152,idi,3.7,3.52,21.0,95,4150.0,28,7.121212121212121,17950.0,Low,True,False
114,0,161,peugot,turbo,four,sedan,rwd,front,108.0,186.7,68.3,0.9364548494983278,3130,l,four,134,mpfi,3.61,3.21,7.0,142,5600.0,18,9.791666666666666,18150.0,Medium,False,True
115,1,119,plymouth,std,two,hatchback,fwd,front,93.7,157.3,63.8,0.8494983277591973,1918,ohc,four,90,2bbl,2.97,3.23,9.4,68,5500.0,37,5.7317073170731705,5572.0,Low,False,True
116,1,119,plymouth,turbo,two,hatchback,fwd,front,93.7,157.3,63.8,0.8494983277591973,2128,ohc,four,98,spdi,3.03,3.39,7.6,102,5500.0,24,7.833333333333333,7957.0,Low,False,True
117,1,154,plymouth,std,four,hatchback,fwd,front,93.7,157.3,63.8,0.8461538461538463,1967,ohc,four,90,2bbl,2.97,3.23,9.4,68,5500.0,31,6.184210526315789,6229.0,Low,False,True
118,1,154,plymouth,std,four,sedan,fwd,front,93.7,167.3,63.8,0.8494983277591973,1989,ohc,four,90,2bbl,2.97,3.23,9.4,68,5500.0,31,6.184210526315789,6692.0,Low,False,True
119,1,154,plymouth,std,four,sedan,fwd,front,93.7,167.3,63.8,0.8494983277591973,2191,ohc,four,98,2bbl,2.97,3.23,9.4,68,5500.0,31,6.184210526315789,7609.0,Low,False,True
120,-1,74,plymouth,std,four,wagon,fwd,front,103.3,174.6,64.6,1.0,2535,ohc,four,122,2bbl,3.35,3.46,8.5,88,5000.0,24,7.833333333333333,8921.0,Low,False,True
121,3,122,plymouth,turbo,two,hatchback,rwd,front,95.9,173.2,66.3,0.8394648829431439,2818,ohc,four,156,spdi,3.59,3.86,7.0,145,5000.0,19,9.791666666666666,12764.0,Medium,False,True
122,3,186,porsche,std,two,hatchback,rwd,front,94.5,168.9,68.3,0.8394648829431439,2778,ohc,four,151,mpfi,3.94,3.11,9.5,143,5500.0,19,8.703703703703704,22018.0,Medium,False,True
123,3,122,porsche,std,two,hardtop,rwd,rear,89.5,168.9,65.0,0.8628762541806021,2756,ohcf,six,194,mpfi,3.74,2.9,9.5,207,5900.0,17,9.4,32528.0,High,False,True
124,3,122,porsche,std,two,hardtop,rwd,rear,89.5,168.9,65.0,0.8628762541806021,2756,ohcf,six,194,mpfi,3.74,2.9,9.5,207,5900.0,17,9.4,34028.0,High,False,True
125,3,122,porsche,std,two,convertible,rwd,rear,89.5,168.9,65.0,0.8628762541806021,2800,ohcf,six,194,mpfi,3.74,2.9,9.5,207,5900.0,17,9.4,37028.0,High,False,True
126,0,122,renault,std,four,wagon,fwd,front,96.1,181.5,66.5,0.9230769230769231,2579,ohc,four,132,mpfi,3.46,3.9,8.7,104,5125.369458128079,23,7.580645161290323,9295.0,Low,False,True
127,2,122,renault,std,two,hatchback,fwd,front,96.1,176.8,66.6,0.8444816053511706,2460,ohc,four,132,mpfi,3.46,3.9,8.7,104,5125.369458128079,23,7.580645161290323,9895.0,Low,False,True
128,3,150,saab,std,two,hatchback,fwd,front,99.1,186.6,66.5,0.9381270903010034,2658,ohc,four,121,mpfi,3.54,3.07,9.31,110,5250.0,21,8.392857142857142,11850.0,Low,False,True
129,2,104,saab,std,four,sedan,fwd,front,99.1,186.6,66.5,0.9381270903010034,2695,ohc,four,121,mpfi,3.54,3.07,9.3,110,5250.0,21,8.392857142857142,12170.0,Low,False,True
130,3,150,saab,std,two,hatchback,fwd,front,99.1,186.6,66.5,0.9381270903010034,2707,ohc,four,121,mpfi,2.54,2.07,9.3,110,5250.0,21,8.392857142857142,15040.0,Low,False,True
131,2,104,saab,std,four,sedan,fwd,front,99.1,186.6,66.5,0.9381270903010034,2758,ohc,four,121,mpfi,3.54,3.07,9.3,110,5250.0,21,8.392857142857142,15510.0,Low,False,True
132,3,150,saab,turbo,two,hatchback,fwd,front,99.1,186.6,66.5,0.9381270903010034,2808,dohc,four,121,mpfi,3.54,3.07,9.0,160,5500.0,19,9.038461538461538,18150.0,Medium,False,True
133,2,104,saab,turbo,four,sedan,fwd,front,99.1,186.6,66.5,0.9381270903010034,2847,dohc,four,121,mpfi,3.54,3.07,9.0,160,5500.0,19,9.038461538461538,18620.0,Medium,False,True
134,2,83,subaru,std,two,hatchback,fwd,front,93.7,156.9,63.4,0.8979933110367894,2050,ohcf,four,97,2bbl,3.62,2.36,9.0,69,4900.0,31,6.527777777777778,5118.0,Low,False,True
135,2,83,subaru,std,two,hatchback,fwd,front,93.7,157.9,63.6,0.8979933110367894,2120,ohcf,four,108,2bbl,3.62,2.64,8.7,73,4400.0,26,7.580645161290323,7053.0,Low,False,True
136,2,83,subaru,std,two,hatchback,4wd,front,93.3,157.3,63.8,0.931438127090301,2240,ohcf,four,108,2bbl,3.62,2.64,8.7,73,4400.0,26,7.580645161290323,7603.0,Low,False,True
137,0,102,subaru,std,four,sedan,fwd,front,97.2,172.0,65.4,0.8779264214046824,2145,ohcf,four,108,2bbl,3.62,2.64,9.5,82,4800.0,32,6.351351351351352,7126.0,Low,False,True
138,0,102,subaru,std,four,sedan,fwd,front,97.2,172.0,65.4,0.8779264214046824,2190,ohcf,four,108,2bbl,3.62,2.64,9.5,82,4400.0,28,7.121212121212121,7775.0,Low,False,True
139,0,102,subaru,std,four,sedan,fwd,front,97.2,172.0,65.4,0.8779264214046824,2340,ohcf,four,108,mpfi,3.62,2.64,9.0,94,5200.0,26,7.34375,9960.0,Low,False,True
140,0,102,subaru,std,four,sedan,4wd,front,97.0,172.0,65.4,0.9080267558528428,2385,ohcf,four,108,2bbl,3.62,2.64,9.0,82,4800.0,24,9.4,9233.0,Low,False,True
141,0,102,subaru,turbo,four,sedan,4wd,front,97.0,172.0,65.4,0.9080267558528428,2510,ohcf,four,108,mpfi,3.62,2.64,7.7,111,4800.0,24,8.10344827586207,11259.0,Low,False,True
142,0,89,subaru,std,four,wagon,fwd,front,97.0,173.5,65.4,0.8862876254180603,2290,ohcf,four,108,2bbl,3.62,2.64,9.0,82,4800.0,28,7.34375,7463.0,Low,False,True
143,0,89,subaru,std,four,wagon,fwd,front,97.0,173.5,65.4,0.8862876254180603,2455,ohcf,four,108,mpfi,3.62,2.64,9.0,94,5200.0,25,7.580645161290323,10198.0,Low,False,True
144,0,85,subaru,std,four,wagon,4wd,front,96.9,173.6,65.4,0.9180602006688964,2420,ohcf,four,108,2bbl,3.62,2.64,9.0,82,4800.0,23,8.10344827586207,8013.0,Low,False,True
145,0,85,subaru,turbo,four,wagon,4wd,front,96.9,173.6,65.4,0.9180602006688964,2650,ohcf,four,108,mpfi,3.62,2.64,7.7,111,4800.0,23,10.217391304347826,11694.0,Low,False,True
146,1,87,toyota,std,two,hatchback,fwd,front,95.7,158.7,63.6,0.911371237458194,1985,ohc,four,92,2bbl,3.05,3.03,9.0,62,4800.0,35,6.0256410256410255,5348.0,Low,False,True
147,1,87,toyota,std,two,hatchback,fwd,front,95.7,158.7,63.6,0.911371237458194,2040,ohc,four,92,2bbl,3.05,3.03,9.0,62,4800.0,31,6.184210526315789,6338.0,Low,False,True
148,1,74,toyota,std,four,hatchback,fwd,front,95.7,158.7,63.6,0.911371237458194,2015,ohc,four,92,2bbl,3.05,3.03,9.0,62,4800.0,31,6.184210526315789,6488.0,Low,False,True
149,0,77,toyota,std,four,wagon,fwd,front,95.7,169.7,63.6,0.988294314381271,2280,ohc,four,92,2bbl,3.05,3.03,9.0,62,4800.0,31,6.351351351351352,6918.0,Low,False,True
150,0,81,toyota,std,four,wagon,4wd,front,95.7,169.7,63.6,0.988294314381271,2290,ohc,four,92,2bbl,3.05,3.03,9.0,62,4800.0,27,7.34375,7898.0,Low,False,True
151,0,91,toyota,std,four,wagon,4wd,front,95.7,169.7,63.6,0.988294314381271,3110,ohc,four,92,2bbl,3.05,3.03,9.0,62,4800.0,27,7.34375,8778.0,Low,False,True
152,0,91,toyota,std,four,sedan,fwd,front,95.7,166.3,64.4,0.8862876254180603,2081,ohc,four,98,2bbl,3.19,3.03,9.0,70,4800.0,30,6.351351351351352,6938.0,Low,False,True
153,0,91,toyota,std,four,hatchback,fwd,front,95.7,166.3,64.4,0.882943143812709,2109,ohc,four,98,2bbl,3.19,3.03,9.0,70,4800.0,30,6.351351351351352,7198.0,Low,False,True
154,0,91,toyota,std,four,sedan,fwd,front,95.7,166.3,64.4,0.8862876254180603,2275,ohc,four,110,idi,3.27,3.35,22.5,56,4500.0,34,6.527777777777778,7898.0,Low,True,False
155,0,91,toyota,std,four,hatchback,fwd,front,95.7,166.3,64.4,0.882943143812709,2275,ohc,four,110,idi,3.27,3.35,22.5,56,4500.0,38,5.0,7788.0,Low,True,False
156,0,91,toyota,std,four,sedan,fwd,front,95.7,166.3,64.4,0.8862876254180603,2094,ohc,four,98,2bbl,3.19,3.03,9.0,70,4800.0,38,5.0,7738.0,Low,False,True
157,0,91,toyota,std,four,hatchback,fwd,front,95.7,166.3,64.4,0.882943143812709,2122,ohc,four,98,2bbl,3.19,3.03,9.0,70,4800.0,28,6.911764705882353,8358.0,Low,False,True
158,0,91,toyota,std,four,sedan,fwd,front,95.7,166.3,64.4,0.882943143812709,2140,ohc,four,98,2bbl,3.19,3.03,9.0,70,4800.0,28,6.911764705882353,9258.0,Low,False,True
159,1,168,toyota,std,two,sedan,rwd,front,94.5,168.7,64.0,0.8795986622073579,2169,ohc,four,98,2bbl,3.19,3.03,9.0,70,4800.0,29,6.911764705882353,8058.0,Low,False,True
160,1,168,toyota,std,two,hatchback,rwd,front,94.5,168.7,64.0,0.8795986622073579,2204,ohc,four,98,2bbl,3.19,3.03,9.0,70,4800.0,29,6.911764705882353,8238.0,Low,False,True
161,1,168,toyota,std,two,sedan,rwd,front,94.5,168.7,64.0,0.8795986622073579,2265,dohc,four,98,mpfi,3.24,3.08,9.4,112,6600.0,26,8.10344827586207,9298.0,Low,False,True
162,1,168,toyota,std,two,hatchback,rwd,front,94.5,168.7,64.0,0.8795986622073579,2300,dohc,four,98,mpfi,3.24,3.08,9.4,112,6600.0,26,8.10344827586207,9538.0,Low,False,True
163,2,134,toyota,std,two,hardtop,rwd,front,98.4,176.2,65.6,0.8695652173913044,2540,ohc,four,146,mpfi,3.62,3.5,9.3,116,4800.0,24,7.833333333333333,8449.0,Low,False,True
164,2,134,toyota,std,two,hardtop,rwd,front,98.4,176.2,65.6,0.8695652173913044,2536,ohc,four,146,mpfi,3.62,3.5,9.3,116,4800.0,24,7.833333333333333,9639.0,Low,False,True
165,2,134,toyota,std,two,hatchback,rwd,front,98.4,176.2,65.6,0.8695652173913044,2551,ohc,four,146,mpfi,3.62,3.5,9.3,116,4800.0,24,7.833333333333333,9989.0,Low,False,True
166,2,134,toyota,std,two,hardtop,rwd,front,98.4,176.2,65.6,0.8695652173913044,2679,ohc,four,146,mpfi,3.62,3.5,9.3,116,4800.0,24,7.833333333333333,11199.0,Low,False,True
167,2,134,toyota,std,two,hatchback,rwd,front,98.4,176.2,65.6,0.8695652173913044,2714,ohc,four,146,mpfi,3.62,3.5,9.3,116,4800.0,24,7.833333333333333,11549.0,Low,False,True
168,2,134,toyota,std,two,convertible,rwd,front,98.4,176.2,65.6,0.8862876254180603,2975,ohc,four,146,mpfi,3.62,3.5,9.3,116,4800.0,24,7.833333333333333,17669.0,Low,False,True
169,-1,65,toyota,std,four,sedan,fwd,front,102.4,175.6,66.5,0.9180602006688964,2326,ohc,four,122,mpfi,3.31,3.54,8.7,92,4200.0,29,6.911764705882353,8948.0,Low,False,True
170,-1,65,toyota,turbo,four,sedan,fwd,front,102.4,175.6,66.5,0.9180602006688964,2480,ohc,four,110,idi,3.27,3.35,22.5,73,4500.0,30,7.121212121212121,10698.0,Low,True,False
171,-1,65,toyota,std,four,hatchback,fwd,front,102.4,175.6,66.5,0.9013377926421405,2414,ohc,four,122,mpfi,3.31,3.54,8.7,92,4200.0,27,7.34375,9988.0,Low,False,True
172,-1,65,toyota,std,four,sedan,fwd,front,102.4,175.6,66.5,0.9180602006688964,2414,ohc,four,122,mpfi,3.31,3.54,8.7,92,4200.0,27,7.34375,10898.0,Low,False,True
173,-1,65,toyota,std,four,hatchback,fwd,front,102.4,175.6,66.5,0.9013377926421405,2458,ohc,four,122,mpfi,3.31,3.54,8.7,92,4200.0,27,7.34375,11248.0,Low,False,True
174,3,197,toyota,std,two,hatchback,rwd,front,102.9,183.5,67.7,0.8695652173913044,2976,dohc,six,171,mpfi,3.27,3.35,9.3,161,5200.0,20,9.791666666666666,16558.0,Medium,False,True
175,3,197,toyota,std,two,hatchback,rwd,front,102.9,183.5,67.7,0.8695652173913044,3016,dohc,six,171,mpfi,3.27,3.35,9.3,161,5200.0,19,9.791666666666666,15998.0,Medium,False,True
176,-1,90,toyota,std,four,sedan,rwd,front,104.5,187.8,66.5,0.9046822742474917,3131,dohc,six,171,mpfi,3.27,3.35,9.2,156,5200.0,20,9.791666666666666,15690.0,Medium,False,True
177,-1,122,toyota,std,four,wagon,rwd,front,104.5,187.8,66.5,0.9046822742474917,3151,dohc,six,161,mpfi,3.27,3.35,9.2,156,5200.0,19,9.791666666666666,15750.0,Medium,False,True
178,2,122,volkswagen,std,two,sedan,fwd,front,97.3,171.7,65.5,0.931438127090301,2261,ohc,four,97,idi,3.01,3.4,23.0,52,4800.0,37,5.108695652173913,7775.0,Low,True,False
179,2,122,volkswagen,std,two,sedan,fwd,front,97.3,171.7,65.5,0.931438127090301,2209,ohc,four,109,mpfi,3.19,3.4,9.0,85,5250.0,27,6.911764705882353,7975.0,Low,False,True
180,2,94,volkswagen,std,four,sedan,fwd,front,97.3,171.7,65.5,0.931438127090301,2264,ohc,four,97,idi,3.01,3.4,23.0,52,4800.0,37,5.108695652173913,7995.0,Low,True,False
181,2,94,volkswagen,std,four,sedan,fwd,front,97.3,171.7,65.5,0.931438127090301,2212,ohc,four,109,mpfi,3.19,3.4,9.0,85,5250.0,27,6.911764705882353,8195.0,Low,False,True
182,2,94,volkswagen,std,four,sedan,fwd,front,97.3,171.7,65.5,0.931438127090301,2275,ohc,four,109,mpfi,3.19,3.4,9.0,85,5250.0,27,6.911764705882353,8495.0,Low,False,True
183,2,94,volkswagen,turbo,four,sedan,fwd,front,97.3,171.7,65.5,0.931438127090301,2319,ohc,four,97,idi,3.01,3.4,23.0,68,4500.0,37,5.595238095238095,9495.0,Low,True,False
184,2,94,volkswagen,std,four,sedan,fwd,front,97.3,171.7,65.5,0.931438127090301,2300,ohc,four,109,mpfi,3.19,3.4,10.0,100,5500.0,26,7.34375,9995.0,Low,False,True
185,3,122,volkswagen,std,two,convertible,fwd,front,94.5,159.3,64.2,0.9297658862876255,2254,ohc,four,109,mpfi,3.19,3.4,8.5,90,5500.0,24,8.10344827586207,11595.0,Low,False,True
186,3,256,volkswagen,std,two,hatchback,fwd,front,94.5,165.7,64.0,0.8595317725752508,2221,ohc,four,109,mpfi,3.19,3.4,8.5,90,5500.0,24,8.10344827586207,9980.0,Low,False,True
187,0,122,volkswagen,std,four,sedan,fwd,front,100.4,180.2,66.9,0.9214046822742475,2661,ohc,five,136,mpfi,3.19,3.4,8.5,110,5500.0,19,9.791666666666666,13295.0,Low,False,True
188,0,122,volkswagen,turbo,four,sedan,fwd,front,100.4,180.2,66.9,0.9214046822742475,2579,ohc,four,97,idi,3.01,3.4,23.0,68,4500.0,33,6.184210526315789,13845.0,Low,True,False
189,0,122,volkswagen,std,four,wagon,fwd,front,100.4,183.1,66.9,0.9214046822742475,2563,ohc,four,109,mpfi,3.19,3.4,9.0,88,5500.0,25,7.580645161290323,12290.0,Low,False,True
190,-2,103,volvo,std,four,sedan,rwd,front,104.3,188.8,67.2,0.939799331103679,2912,ohc,four,141,mpfi,3.78,3.15,9.5,114,5400.0,23,8.392857142857142,12940.0,Low,False,True
191,-1,74,volvo,std,four,wagon,rwd,front,104.3,188.8,67.2,0.9615384615384616,3034,ohc,four,141,mpfi,3.78,3.15,9.5,114,5400.0,23,8.392857142857142,13415.0,Low,False,True
192,-2,103,volvo,std,four,sedan,rwd,front,104.3,188.8,67.2,0.939799331103679,2935,ohc,four,141,mpfi,3.78,3.15,9.5,114,5400.0,24,8.392857142857142,15985.0,Low,False,True
193,-1,74,volvo,std,four,wagon,rwd,front,104.3,188.8,67.2,0.9615384615384616,3042,ohc,four,141,mpfi,3.78,3.15,9.5,114,5400.0,24,8.392857142857142,16515.0,Low,False,True
194,-2,103,volvo,turbo,four,sedan,rwd,front,104.3,188.8,67.2,0.939799331103679,3045,ohc,four,130,mpfi,3.62,3.15,7.5,162,5100.0,17,10.681818181818182,18420.0,Medium,False,True
195,-1,74,volvo,turbo,four,wagon,rwd,front,104.3,188.8,67.2,0.9615384615384616,3157,ohc,four,130,mpfi,3.62,3.15,7.5,162,5100.0,17,10.681818181818182,18950.0,Medium,False,True
196,-1,95,volvo,std,four,sedan,rwd,front,109.1,188.8,68.9,0.9280936454849499,2952,ohc,four,141,mpfi,3.78,3.15,9.5,114,5400.0,23,8.392857142857142,16845.0,Low,False,True
197,-1,95,volvo,turbo,four,sedan,rwd,front,109.1,188.8,68.8,0.9280936454849499,3049,ohc,four,141,mpfi,3.78,3.15,8.7,160,5300.0,19,9.4,19045.0,Medium,False,True
198,-1,95,volvo,std,four,sedan,rwd,front,109.1,188.8,68.9,0.9280936454849499,3012,ohcv,six,173,mpfi,3.58,2.87,8.8,134,5500.0,18,10.217391304347826,21485.0,Medium,False,True
199,-1,95,volvo,turbo,four,sedan,rwd,front,109.1,188.8,68.9,0.9280936454849499,3217,ohc,six,145,idi,3.01,3.4,23.0,106,4800.0,26,8.703703703703704,22470.0,Low,True,False
200,-1,95,volvo,turbo,four,sedan,rwd,front,109.1,188.8,68.9,0.9280936454849499,3062,ohc,four,141,mpfi,3.78,3.15,9.5,114,5400.0,19,9.4,22625.0,Low,False,True
